Week,Date,Active Users,New Users This Week,Reports/Dashboards Created,Queries Run,Support Tickets Opened,Support Tickets Resolved,Training Sessions Delivered,Training Attendees (Cumulative),Satisfaction Score (1-5),Key Observations,Actions Taken
1,,,,,,,,,,,"Go-live week",
2,,,,,,,,,,,,
3,,,,,,,,,,,,
4,,,,,,,,,,,,
5,,,,,,,,,,,,
6,,,,,,,,,,,,
7,,,,,,,,,,,,
8,,,,,,,,,,,,
9,,,,,,,,,,,,
10,,,,,,,,,,,,
11,,,,,,,,,,,,
12,,,,,,,,,,,,
Target,-,,,,,,,,,,,
Notes:,"Track weekly for the first 12 weeks post-launch. Move to monthly after adoption stabilizes.",,,,,,,,,,
